epoch,acc,loss,val_acc,val_loss
0,0.33600000508129596,0.05305724415928125,0.3900000065565109,0.03805522210896015
