epoch,acc               ,loss                ,val_acc           ,val_loss
0    ,0.3336683417235188,0.053327074122788316,0.4318181818181818,0.04207481714812192
