epoch,acc,loss,val_acc,val_loss
0,0.44371859296482413,0.03939542641217385,0.44886363636363635,0.0399050424722108
